<?xml version="1.0" encoding="utf-8" ?>
<dwsync>
<file name="bg.jpg" server="ftp.icpm.ae" local="133503098127803312" remote="133517884800000000" Dst="0" />
<file name="fb.png" server="ftp.icpm.ae" local="133393266497214196" remote="133517884800000000" Dst="0" />
<file name="twt.png" server="ftp.icpm.ae" local="133393266523781499" remote="133517884800000000" Dst="0" />
<file name="mail.png" server="ftp.icpm.ae" local="133393266506122316" remote="133517884800000000" Dst="0" />
<file name="lock.png" server="ftp.icpm.ae" local="133393266532377179" remote="133517884800000000" Dst="0" />
<file name="tick.png" server="ftp.icpm.ae" local="133393266523781499" remote="133517884800000000" Dst="0" />
<file name="top-note.png" server="ftp.icpm.ae" local="133393266515030137" remote="133517884800000000" Dst="0" />
<file name="top-lock.png" server="ftp.icpm.ae" local="133393266497682835" remote="133517884800000000" Dst="0" />
<file name="top-key.png" server="ftp.icpm.ae" local="133393266532689622" remote="133517885400000000" Dst="0" />
</dwsync>