[
  {
    "version": "1.0.6",
    "release_date": "2025-11-12",
    "size_bytes": 38429,
    "file": "wp-registration-plugin-1.0.6.zip",
    "direct_url": "https://reg-sys.com/Plugins/SimpleRegistration/wp-registration-plugin-1.0.6.zip",
    "sha256": "ECE89C70150A6B86A196260E7E76AF872DFB87A11957392A4A9554189DF2F9D2",
    "channel": "stable",
    "stable": true
  },
  {
    "version": "1.0.5",
    "release_date": "2025-11-11",
    "size_bytes": 36570,
    "file": "wp-registration-plugin-1.0.5.zip",
    "direct_url": "https://reg-sys.com/Plugins/SimpleRegistration/wp-registration-plugin-1.0.5.zip",
    "sha256": "69F778C02A9EB6BB628B1DCCA0884F1575939CB16E8ADEDBB28ECE96D04C4E94",
    "channel": "beta",
    "stable": false
  },
  {
    "version": "1.0.4",
    "release_date": "2025-11-11",
    "size_bytes": 33025,
    "file": "wp-registration-plugin-1.0.4.zip",
    "direct_url": "https://reg-sys.com/Plugins/SimpleRegistration/wp-registration-plugin-1.0.4.zip",
    "sha256": "FA1E28C915DDD8AB28215C1F214087DE62CEA292A49A1B7CA9C14D805E6F5086",
    "channel": "stable",
    "stable": true
  },
  {
    "version": "1.0.3",
    "release_date": "2025-11-11",
    "size_bytes": 32217,
    "file": "wp-registration-plugin-1.0.3.zip",
    "direct_url": "http://reg-sys.com/Plugins/SimpleRegistration/wp-registration-plugin-1.0.3.zip",
    "sha256": "3FDCE30C936A6A8129B90674F6202497263822D0A3D8E09873EE54810532E9E2",
    "channel": "previous",
    "stable": false
  },
  {
    "version": "1.0.2",
    "release_date": "2025-11-11",
    "size_bytes": 23010,
    "file": "wp-registration-plugin-1.0.2.zip",
    "direct_url": "http://reg-sys.com/Plugins/SimpleRegistration/wp-registration-plugin-1.0.2.zip",
    "sha256": "1A62A4DDB76C305C6127B345E75E0C205F3778DF01AEF20EBF9CB263ED9AE66E",
    "channel": "previous",
    "stable": false
  },
  {
    "version": "1.0.1",
    "release_date": "2025-11-11",
    "size_bytes": 20804,
    "file": "wp-registration-plugin-1.0.1.zip",
    "direct_url": "http://reg-sys.com/Plugins/SimpleRegistration/wp-registration-plugin-1.0.1.zip",
    "sha256": "B694E3C96942FBDAD2C23FD21A0C8A2666DEBFC598B3FCE8B5A35B37BC9727FB",
    "channel": "previous",
    "stable": false
  },
  {
    "version": "1.0.0",
    "release_date": "2025-11-11",
    "size_bytes": 20804,
    "file": "wp-registration-plugin-1.0.0.zip",
    "direct_url": "http://reg-sys.com/Plugins/SimpleRegistration/wp-registration-plugin-1.0.0.zip",
    "sha256": "202DB91C8D79FFFBF0EB2543D3A0DD3CABD7153531FA8F7AFC98C1C87C4EFC88",
    "channel": "previous",
    "stable": false
  }
]
